case_id,ACTIVITY,EVENTTIME
1116492,Scan Invoice,2016-02-07
1116493,Book Invoice,2016-04-19
1116493,Change Price,2016-03-23
1116493,Create Purchase Order Item,2016-03-15
1116493,Receive Goods,2016-04-04
1116493,Scan Invoice,2016-04-10
1116493,Send Purchase Order,2016-03-17
1116494,Book Invoice,2016-02-26
1116494,Create Purchase Order Item,2016-01-23
1116494,Receive Goods,2016-02-02
1116494,Scan Invoice,2016-02-06
1116494,Send Purchase Order,2016-01-24
1116495,Book Invoice,2016-04-18
1116495,Change Price,2016-03-25
1116495,Create Purchase Order Item,2016-03-15
1116495,Receive Goods,2016-04-01
1116495,Scan Invoice,2016-04-09
1116495,Send Purchase Order,2016-03-16
1116496,Book Invoice,2016-04-19
1116496,Change Price,2016-03-26
1116496,Create Purchase Order Item,2016-03-15
1116496,Receive Goods,2016-04-02
1116496,Scan Invoice,2016-04-08
1116496,Send Purchase Order,2016-03-16
1116497,Book Invoice,2016-02-26
1116497,Create Purchase Order Item,2016-01-23
1116497,Receive Goods,2016-02-01
1116497,Scan Invoice,2016-02-09
1116497,Send Purchase Order,2016-01-25
1116498,Book Invoice,2016-04-20
1116498,Change Price,2016-03-23
1116498,Create Purchase Order Item,2016-03-15
1116498,Receive Goods,2016-04-04
1116498,Scan Invoice,2016-04-06
1116498,Send Purchase Order,2016-03-17
1116499,Book Invoice,2016-04-22
1116499,Change Price,2016-03-25
1116499,Create Purchase Order Item,2016-03-15
1116499,Receive Goods,2016-04-04
1116499,Scan Invoice,2016-04-07
1116499,Send Purchase Order,2016-03-17
1116500,Book Invoice,2016-02-26
1116500,Create Purchase Order Item,2016-01-23
1116500,Receive Goods,2016-01-31
1116500,Scan Invoice,2016-02-06
1116500,Send Purchase Order,2016-01-24
1116501,Book Invoice,2016-04-23
1116501,Change Price,2016-03-26
1116501,Create Purchase Order Item,2016-03-15
1116501,Receive Goods,2016-04-04
1116501,Scan Invoice,2016-04-08
1116501,Send Purchase Order,2016-03-17
1116502,Book Invoice,2016-04-17
1116502,Change Price,2016-03-23
1116502,Create Purchase Order Item,2016-03-15
1116502,Receive Goods,2016-04-03
1116502,Scan Invoice,2016-04-10
1116502,Send Purchase Order,2016-03-16
1116503,Book Invoice,2016-02-23
1116503,Create Purchase Order Item,2016-01-23
1116503,Receive Goods,2016-02-02
1116503,Scan Invoice,2016-02-10
1116503,Send Purchase Order,2016-01-25
1116504,Book Invoice,2016-02-20
1116504,Create Purchase Order Item,2016-01-23
1116504,Receive Goods,2016-02-01
1116504,Scan Invoice,2016-02-08
1116504,Send Purchase Order,2016-01-25
1116505,Book Invoice,2016-02-23
1116505,Create Purchase Order Item,2016-01-23
1116505,Receive Goods,2016-02-02
1116505,Scan Invoice,2016-02-06
1116505,Send Purchase Order,2016-01-25
1116506,Book Invoice,2016-03-03
1116506,Create Purchase Order Item,2016-02-03
1116506,Receive Goods,2016-02-11
1116506,Scan Invoice,2016-02-18
1116506,Send Purchase Order,2016-02-06
1116507,Book Invoice,2016-03-09
1116507,Create Purchase Order Item,2016-02-04
1116507,Receive Goods,2016-02-13
1116507,Scan Invoice,2016-02-18
1116507,Send Purchase Order,2016-02-05
1116508,Book Invoice,2016-11-09
1116508,Create Purchase Order Item,2016-10-15
1116508,Receive Goods,2016-10-25
1116508,Scan Invoice,2016-10-13
1116508,Send Purchase Order,2016-10-17
1116509,Book Invoice,2016-05-08
1116509,Create Purchase Order Item,2016-04-15
1116509,Receive Goods,2016-04-24
1116509,Scan Invoice,2016-04-14
1116509,Send Purchase Order,2016-04-17
1116510,Book Invoice,2016-10-11
1116510,Create Purchase Order Item,2016-09-15
1116510,Receive Goods,2016-09-25
1116510,Scan Invoice,2016-09-12
1116510,Send Purchase Order,2016-09-17
1116511,Book Invoice,2016-03-18
1116511,Change Price,2016-02-12
1116511,Create Purchase Order Item,2016-02-04
1116511,Receive Goods,2016-02-24
1116511,Scan Invoice,2016-02-27
1116511,Send Purchase Order,2016-02-06
1116512,Book Invoice,2016-03-13
1116512,Change Price,2016-02-14
1116512,Create Purchase Order Item,2016-02-04
1116512,Receive Goods,2016-02-25
1116512,Scan Invoice,2016-02-26
1116512,Send Purchase Order,2016-02-07
1116513,Book Invoice,2016-03-17
1116513,Change Price,2016-02-16
1116513,Create Purchase Order Item,2016-02-05
1116513,Receive Goods,2016-02-24
1116513,Scan Invoice,2016-02-28
1116513,Send Purchase Order,2016-02-06
1116514,Book Invoice,2016-03-12
1116514,Change Price,2016-02-15
1116514,Create Purchase Order Item,2016-02-05
1116514,Receive Goods,2016-02-23
1116514,Scan Invoice,2016-03-02
1116514,Send Purchase Order,2016-02-07
1116515,Book Invoice,2016-03-08
1116515,Create Purchase Order Item,2016-02-06
1116515,Receive Goods,2016-02-15
1116515,Scan Invoice,2016-02-23
1116515,Send Purchase Order,2016-02-09
1116516,Book Invoice,2016-03-05
1116516,Create Purchase Order Item,2016-02-06
1116516,Receive Goods,2016-02-16
1116516,Scan Invoice,2016-02-22
1116516,Send Purchase Order,2016-02-07
1116517,Book Invoice,2016-03-08
1116517,Create Purchase Order Item,2016-02-06
1116517,Receive Goods,2016-02-16
1116517,Scan Invoice,2016-02-22
1116517,Send Purchase Order,2016-02-09
1116518,Book Invoice,2016-03-08
1116518,Create Purchase Order Item,2016-02-06
1116518,Receive Goods,2016-02-16
1116518,Scan Invoice,2016-02-23
1116518,Send Purchase Order,2016-02-08
1116519,Book Invoice,2016-03-11
1116519,Create Purchase Order Item,2016-02-06
1116519,Receive Goods,2016-02-17
1116519,Scan Invoice,2016-02-21
1116519,Send Purchase Order,2016-02-07
1116520,Book Invoice,2016-03-31
1116520,Create Purchase Order Item,2016-02-24
1116520,Receive Goods,2016-03-08
1116520,Scan Invoice,2016-03-12
1116520,Send Purchase Order,2016-02-27
1116521,Book Invoice,2016-03-23
1116521,Create Purchase Order Item,2016-02-24
1116521,Receive Goods,2016-03-06
1116521,Receive Order Confirmation,2016-02-28
1116521,Scan Invoice,2016-03-14
1116521,Send Purchase Order,2016-02-26
1116522,Book Invoice,2016-03-30
1116522,Create Purchase Order Item,2016-02-24
1116522,Receive Goods,2016-03-05
1116522,Receive Order Confirmation,2016-03-01
1116522,Scan Invoice,2016-03-12
1116522,Send Purchase Order,2016-02-26
1116523,Book Invoice,2016-04-22
1116523,Change Price,2016-03-23
1116523,Create Purchase Order Item,2016-03-15
1116523,Receive Goods,2016-04-02
1116523,Scan Invoice,2016-04-08
1116523,Send Purchase Order,2016-03-17
1116524,Book Invoice,2016-04-03
1116524,Create Purchase Order Item,2016-02-25
1116524,Dun Order Confirmation,2016-03-03
1116524,Receive Goods,2016-03-14
1116524,Receive Order Confirmation,2016-03-06
1116524,Scan Invoice,2016-03-20
1116524,Send Purchase Order,2016-02-28
1116525,Book Invoice,2016-04-24
1116525,Change Price,2016-03-24
1116525,Create Purchase Order Item,2016-03-15
1116525,Receive Goods,2016-04-04
1116525,Scan Invoice,2016-04-07
1116525,Send Purchase Order,2016-03-17
1116526,Book Invoice,2016-04-24
1116526,Change Price,2016-03-24
1116526,Create Purchase Order Item,2016-03-15
1116526,Receive Goods,2016-04-01
1116526,Scan Invoice,2016-04-08
1116526,Send Purchase Order,2016-03-18
1116527,Book Invoice,2016-04-13
1116527,Change Currency,2016-03-18
1116527,Create Purchase Order Item,2016-03-12
1116527,Receive Goods,2016-03-24
1116527,Scan Invoice,2016-03-29
1116527,Send Purchase Order,2016-03-14
1116528,Book Invoice,2016-04-25
1116528,Change Price,2016-03-23
1116528,Create Purchase Order Item,2016-03-15
1116528,Receive Goods,2016-04-03
1116528,Scan Invoice,2016-04-08
1116528,Send Purchase Order,2016-03-17
1116529,Book Invoice,2016-04-26
1116529,Change Price,2016-03-24
1116529,Create Purchase Order Item,2016-03-15
1116529,Receive Goods,2016-04-04
1116529,Scan Invoice,2016-04-07
1116529,Send Purchase Order,2016-03-16
1116530,Block Purchase Order Item,2016-03-19
1116530,Book Invoice,2016-04-10
1116530,Create Purchase Order Item,2016-03-12
1116530,Receive Goods,2016-03-28
1116530,Release Purchase Order,2016-03-24
1116530,Scan Invoice,2016-04-03
1116530,Send Purchase Order,2016-03-14
1116531,Book Invoice,2016-04-26
1116531,Change Price,2016-03-23
1116531,Create Purchase Order Item,2016-03-15
1116531,Receive Goods,2016-04-01
1116531,Scan Invoice,2016-04-07
1116531,Send Purchase Order,2016-03-17
1116532,Book Invoice,2016-04-25
1116532,Change Price,2016-03-23
1116532,Create Purchase Order Item,2016-03-15
1116532,Receive Goods,2016-04-03
1116532,Scan Invoice,2016-04-08
1116532,Send Purchase Order,2016-03-17
1116533,Book Invoice,2016-05-06
1116533,Create Purchase Order Item,2016-04-01
1116533,Receive Goods,2016-04-09
1116533,Scan Invoice,2016-04-17
1116533,Send Purchase Order,2016-04-03
1116534,Book Invoice,2016-05-05
1116534,Create Purchase Order Item,2016-04-04
1116534,Receive Goods,2016-04-14
1116534,Scan Invoice,2016-04-22
1116534,Send Purchase Order,2016-04-07
1116535,Book Invoice,2016-05-19
1116535,Create Purchase Order Item,2016-04-24
1116535,Receive Goods,2016-05-02
1116535,Scan Invoice,2016-05-09
1116535,Send Purchase Order,2016-04-27
1116536,Book Invoice,2016-05-22
1116536,Create Purchase Order Item,2016-04-25
1116536,Receive Goods,2016-05-05
1116536,Scan Invoice,2016-05-12
1116536,Send Purchase Order,2016-04-27
1116537,Book Invoice,2016-05-26
1116537,Create Purchase Order Item,2016-04-25
1116537,Receive Goods,2016-05-07
1116537,Scan Invoice,2016-05-11
1116537,Send Purchase Order,2016-04-27
1116538,Book Invoice,2016-05-28
1116538,Create Purchase Order Item,2016-04-25
1116538,Receive Goods,2016-05-04
1116538,Scan Invoice,2016-05-13
1116538,Send Purchase Order,2016-04-27
1116539,Book Invoice,2016-05-22
1116539,Create Purchase Order Item,2016-04-25
1116539,Receive Goods,2016-05-06
1116539,Scan Invoice,2016-05-11
1116539,Send Purchase Order,2016-04-27
1116540,Book Invoice,2016-06-01
1116540,Create Purchase Order Item,2016-04-28
1116540,Receive Goods,2016-05-08
1116540,Scan Invoice,2016-05-16
1116540,Send Purchase Order,2016-04-30
1116541,Book Invoice,2016-06-09
1116541,Create Purchase Order Item,2016-05-12
1116541,Receive Goods,2016-05-20
1116541,Scan Invoice,2016-05-27
1116541,Send Purchase Order,2016-05-14
1116542,Book Invoice,2016-06-22
1116542,Create Purchase Order Item,2016-05-19
1116542,Receive Goods,2016-05-30
1116542,Scan Invoice,2016-06-04
1116542,Send Purchase Order,2016-05-20
1116543,Book Invoice,2016-06-22
1116543,Create Purchase Order Item,2016-05-20
1116543,Receive Goods,2016-06-01
1116543,Scan Invoice,2016-06-05
1116543,Send Purchase Order,2016-05-22
1116544,Book Invoice,2016-06-15
1116544,Create Purchase Order Item,2016-05-20
1116544,Receive Goods,2016-05-28
1116544,Scan Invoice,2016-06-06
1116544,Send Purchase Order,2016-05-22
1116545,Book Invoice,2016-06-24
1116545,Create Purchase Order Item,2016-05-20
1116545,Receive Goods,2016-05-31
1116545,Scan Invoice,2016-06-06
1116545,Send Purchase Order,2016-05-21
1116546,Book Invoice,2016-06-17
1116546,Create Purchase Order Item,2016-05-20
1116546,Receive Goods,2016-05-31
1116546,Scan Invoice,2016-06-06
1116546,Send Purchase Order,2016-05-21
1116547,Book Invoice,2016-06-15
1116547,Create Purchase Order Item,2016-05-20
1116547,Receive Goods,2016-06-01
1116547,Scan Invoice,2016-06-04
1116547,Send Purchase Order,2016-05-22
1116548,Book Invoice,2016-06-20
1116548,Create Purchase Order Item,2016-05-20
1116548,Receive Goods,2016-05-31
1116548,Scan Invoice,2016-06-07
1116548,Send Purchase Order,2016-05-22
1116549,Book Invoice,2016-11-14
1116549,Create Purchase Order Item,2016-10-15
1116549,Receive Goods,2016-10-23
1116549,Scan Invoice,2016-10-13
1116549,Send Purchase Order,2016-10-17
1116550,Book Invoice,2016-06-13
1116550,Create Purchase Order Item,2016-05-15
1116550,Receive Goods,2016-05-25
1116550,Scan Invoice,2016-05-12
1116550,Send Purchase Order,2016-05-16
1116551,Book Invoice,2016-11-12
1116551,Create Purchase Order Item,2016-10-15
1116551,Receive Goods,2016-10-26
1116551,Scan Invoice,2016-10-13
1116551,Send Purchase Order,2016-10-16
1116552,Book Invoice,2016-06-23
1116552,Change Price,2016-05-31
1116552,Create Purchase Order Item,2016-05-20
1116552,Receive Goods,2016-06-08
1116552,Scan Invoice,2016-06-15
1116552,Send Purchase Order,2016-05-23
1116553,Book Invoice,2016-06-23
1116553,Change Price,2016-05-29
1116553,Create Purchase Order Item,2016-05-20
1116553,Receive Goods,2016-06-08
1116553,Scan Invoice,2016-06-14
1116553,Send Purchase Order,2016-05-22
1116554,Book Invoice,2016-06-28
1116554,Change Price,2016-05-27
1116554,Create Purchase Order Item,2016-05-20
1116554,Receive Goods,2016-06-08
1116554,Scan Invoice,2016-06-12
1116554,Send Purchase Order,2016-05-22
1116555,Book Invoice,2016-06-29
1116555,Change Price,2016-05-30
1116555,Create Purchase Order Item,2016-05-20
1116555,Receive Goods,2016-06-08
1116555,Scan Invoice,2016-06-13
1116555,Send Purchase Order,2016-05-22
1116556,Book Invoice,2016-06-16
1116556,Create Purchase Order Item,2016-05-20
1116556,Receive Goods,2016-05-28
1116556,Scan Invoice,2016-06-05
1116556,Send Purchase Order,2016-05-22
1116557,Book Invoice,2016-06-20
1116557,Create Purchase Order Item,2016-05-20
1116557,Receive Goods,2016-05-30
1116557,Scan Invoice,2016-06-03
1116557,Send Purchase Order,2016-05-22
1116558,Book Invoice,2016-06-22
1116558,Create Purchase Order Item,2016-05-20
1116558,Receive Goods,2016-05-28
1116558,Scan Invoice,2016-06-03
1116558,Send Purchase Order,2016-05-21
1116559,Book Invoice,2016-06-16
1116559,Create Purchase Order Item,2016-05-20
1116559,Receive Goods,2016-05-29
1116559,Scan Invoice,2016-06-06
1116559,Send Purchase Order,2016-05-22
1116560,Book Invoice,2016-06-23
1116560,Create Purchase Order Item,2016-05-20
1116560,Receive Goods,2016-05-31
1116560,Scan Invoice,2016-06-04
1116560,Send Purchase Order,2016-05-22
1116561,Book Invoice,2016-06-19
1116561,Create Purchase Order Item,2016-05-20
1116561,Receive Goods,2016-05-29
1116561,Scan Invoice,2016-06-03
1116561,Send Purchase Order,2016-05-22
1116562,Book Invoice,2016-06-22
1116562,Create Purchase Order Item,2016-05-20
1116562,Receive Goods,2016-05-31
1116562,Receive Order Confirmation,2016-05-24
1116562,Scan Invoice,2016-06-04
1116562,Send Purchase Order,2016-05-22
1116563,Book Invoice,2016-06-18
1116563,Create Purchase Order Item,2016-05-20
1116563,Receive Goods,2016-05-31
1116563,Receive Order Confirmation,2016-05-25
1116563,Scan Invoice,2016-06-04
1116563,Send Purchase Order,2016-05-22
1116564,Book Invoice,2016-06-17
1116564,Create Purchase Order Item,2016-05-20
1116564,Dun Order Confirmation,2016-05-24
1116564,Receive Goods,2016-06-07
1116564,Receive Order Confirmation,2016-05-29
1116564,Scan Invoice,2016-06-09
1116564,Send Purchase Order,2016-05-22
1116565,Book Invoice,2016-06-22
1116565,Create Purchase Order Item,2016-05-20
1116565,Dun Order Confirmation,2016-05-26
1116565,Receive Goods,2016-06-04
1116565,Receive Order Confirmation,2016-05-29
1116565,Scan Invoice,2016-06-12
1116565,Send Purchase Order,2016-05-22
1116566,Book Invoice,2016-06-23
1116566,Create Purchase Order Item,2016-05-20
1116566,Receive Goods,2016-05-31
1116566,Remove Payment Block,2016-06-17
1116566,Scan Invoice,2016-06-06
1116566,Send Purchase Order,2016-05-23
1116566,Set Payment Block,2016-06-11
1116567,Book Invoice,2016-06-11
1116567,Create Purchase Order Item,2016-05-20
1116567,Receive Goods,2016-06-04
1116567,Scan Invoice,2016-06-08
1116567,Send Purchase Order,2016-05-23
1116567,Send Purchase Order Update,2016-05-26
1116568,Book Invoice,2016-06-19
1116568,Change Currency,2016-05-25
1116568,Create Purchase Order Item,2016-05-20
1116568,Receive Goods,2016-05-31
1116568,Scan Invoice,2016-06-06
1116568,Send Purchase Order,2016-05-23
1116569,Create Purchase Order Item,2016-05-20
1116569,Delete Purchase Order Item,2016-05-29
1116569,Send Purchase Order,2016-05-21
1116570,Block Purchase Order Item,2016-05-31
1116570,Create Purchase Order Item,2016-05-20
1116570,Send Purchase Order,2016-05-22
1116571,Block Purchase Order Item,2016-05-27
1116571,Book Invoice,2016-06-12
1116571,Create Purchase Order Item,2016-05-20
1116571,Receive Goods,2016-06-05
1116571,Release Purchase Order,2016-05-29
1116571,Scan Invoice,2016-06-10
1116571,Send Purchase Order,2016-05-22
1116572,Create Purchase Order Item,2016-05-20
1116572,Refuse Purchase Order Item,2016-05-21
1116573,Book Invoice,2016-06-22
1116573,Create Purchase Order Item,2016-05-20
1116573,Receive Goods,2016-05-29
1116573,Scan Invoice,2016-06-06
1116573,Send Purchase Order,2016-05-21
1116574,Book Invoice,2016-06-18
1116574,Create Purchase Order Item,2016-05-20
1116574,Receive Goods,2016-05-29
1116574,Scan Invoice,2016-06-05
1116574,Send Purchase Order,2016-05-22
1116575,Book Invoice,2016-07-15
1116575,Create Purchase Order Item,2016-06-13
1116575,Receive Goods,2016-06-23
1116575,Scan Invoice,2016-07-01
1116575,Send Purchase Order,2016-06-14
1116576,Book Invoice,2016-07-17
1116576,Create Purchase Order Item,2016-06-13
1116576,Receive Goods,2016-06-24
1116576,Scan Invoice,2016-06-28
1116576,Send Purchase Order,2016-06-14
1116577,Book Invoice,2016-07-15
1116577,Create Purchase Order Item,2016-06-16
1116577,Receive Goods,2016-06-26
1116577,Scan Invoice,2016-07-01
1116577,Send Purchase Order,2016-06-18
1116578,Book Invoice,2016-07-13
1116578,Create Purchase Order Item,2016-06-16
1116578,Receive Goods,2016-06-26
1116578,Scan Invoice,2016-07-02
1116578,Send Purchase Order,2016-06-17
1116579,Book Invoice,2016-07-17
1116579,Create Purchase Order Item,2016-06-16
1116579,Receive Goods,2016-06-27
1116579,Scan Invoice,2016-06-30
1116579,Send Purchase Order,2016-06-17
1116580,Book Invoice,2016-07-16
1116580,Create Purchase Order Item,2016-06-17
1116580,Receive Goods,2016-06-25
1116580,Scan Invoice,2016-07-04
1116580,Send Purchase Order,2016-06-20
1116581,Book Invoice,2016-07-18
1116581,Create Purchase Order Item,2016-06-17
1116581,Receive Goods,2016-06-28
1116581,Scan Invoice,2016-07-03
1116581,Send Purchase Order,2016-06-20
1116582,Book Invoice,2016-07-15
1116582,Create Purchase Order Item,2016-06-17
1116582,Receive Goods,2016-06-28
1116582,Scan Invoice,2016-07-03
1116582,Send Purchase Order,2016-06-20
1116583,Book Invoice,2016-07-15
1116583,Create Purchase Order Item,2016-06-17
1116583,Receive Goods,2016-06-26
1116583,Scan Invoice,2016-07-05
1116583,Send Purchase Order,2016-06-19
1116584,Book Invoice,2016-07-15
1116584,Create Purchase Order Item,2016-06-17
1116584,Receive Goods,2016-06-26
1116584,Scan Invoice,2016-07-03
1116584,Send Purchase Order,2016-06-18
1116585,Book Invoice,2016-07-17
1116585,Create Purchase Order Item,2016-06-17
1116585,Receive Goods,2016-06-26
1116585,Scan Invoice,2016-07-04
1116585,Send Purchase Order,2016-06-18
1116586,Book Invoice,2016-07-14
1116586,Create Purchase Order Item,2016-06-17
1116586,Receive Goods,2016-06-27
1116586,Scan Invoice,2016-07-03
1116586,Send Purchase Order,2016-06-19
1116587,Book Invoice,2016-07-14
1116587,Create Purchase Order Item,2016-06-17
1116587,Receive Goods,2016-06-27
1116587,Scan Invoice,2016-07-02
1116587,Send Purchase Order,2016-06-20
1116588,Book Invoice,2016-07-13
1116588,Create Purchase Order Item,2016-06-17
1116588,Receive Goods,2016-06-27
1116588,Scan Invoice,2016-07-04
1116588,Send Purchase Order,2016-06-20
1116589,Book Invoice,2016-07-16
1116589,Create Purchase Order Item,2016-06-17
1116589,Receive Goods,2016-06-26
1116589,Scan Invoice,2016-07-04
1116589,Send Purchase Order,2016-06-19
1116590,Book Invoice,2016-11-07
1116590,Create Purchase Order Item,2016-10-15
1116590,Receive Goods,2016-10-26
1116590,Scan Invoice,2016-10-12
1116590,Send Purchase Order,2016-10-17
1116591,Book Invoice,2016-09-30
1116591,Create Purchase Order Item,2016-09-15
1116591,Receive Goods,2016-09-26
1116591,Scan Invoice,2016-09-12
1116591,Send Purchase Order,2016-09-18
1116592,Book Invoice,2016-10-02
1116592,Create Purchase Order Item,2016-09-15
1116592,Receive Goods,2016-09-26
1116592,Scan Invoice,2016-09-14
1116592,Send Purchase Order,2016-09-16
1116593,Book Invoice,2016-07-18
1116593,Change Price,2016-06-25
1116593,Create Purchase Order Item,2016-06-17
1116593,Receive Goods,2016-07-04
1116593,Scan Invoice,2016-07-12
1116593,Send Purchase Order,2016-06-18
1116594,Book Invoice,2016-07-18
1116594,Change Price,2016-06-29
1116594,Create Purchase Order Item,2016-06-19
1116594,Receive Goods,2016-07-10
1116594,Scan Invoice,2016-07-15
1116594,Send Purchase Order,2016-06-22
1116595,Book Invoice,2016-07-19
1116595,Change Price,2016-06-29
1116595,Create Purchase Order Item,2016-06-19
1116595,Receive Goods,2016-07-06
1116595,Scan Invoice,2016-07-12
1116595,Send Purchase Order,2016-06-20
1116596,Book Invoice,2016-07-24
1116596,Change Price,2016-06-29
1116596,Create Purchase Order Item,2016-06-20
1116596,Receive Goods,2016-07-11
1116596,Scan Invoice,2016-07-14
1116596,Send Purchase Order,2016-06-22
1116597,Book Invoice,2016-07-11
1116597,Create Purchase Order Item,2016-06-20
1116597,Receive Goods,2016-07-01
1116597,Scan Invoice,2016-07-07
1116597,Send Purchase Order,2016-06-23
1116598,Book Invoice,2016-07-15
1116598,Create Purchase Order Item,2016-06-20
1116598,Receive Goods,2016-07-02
1116598,Scan Invoice,2016-07-07
1116598,Send Purchase Order,2016-06-23
1116599,Book Invoice,2016-07-19
1116599,Create Purchase Order Item,2016-06-20
1116599,Receive Goods,2016-06-29
1116599,Scan Invoice,2016-07-07
1116599,Send Purchase Order,2016-06-23
1116600,Book Invoice,2016-07-14
1116600,Create Purchase Order Item,2016-06-20
1116600,Receive Goods,2016-07-02
1116600,Scan Invoice,2016-07-07
1116600,Send Purchase Order,2016-06-22
1116601,Book Invoice,2016-07-18
1116601,Create Purchase Order Item,2016-06-20
1116601,Receive Goods,2016-06-28
1116601,Scan Invoice,2016-07-08
1116601,Send Purchase Order,2016-06-21
1116602,Book Invoice,2016-07-10
1116602,Create Purchase Order Item,2016-06-20
1116602,Receive Goods,2016-06-30
1116602,Scan Invoice,2016-07-06
1116602,Send Purchase Order,2016-06-21
1116603,Book Invoice,2016-07-15
1116603,Create Purchase Order Item,2016-06-20
1116603,Receive Goods,2016-07-01
1116603,Receive Order Confirmation,2016-06-25
1116603,Scan Invoice,2016-07-08
1116603,Send Purchase Order,2016-06-22
1116604,Book Invoice,2016-07-18
1116604,Create Purchase Order Item,2016-06-20
1116604,Receive Goods,2016-06-29
1116604,Receive Order Confirmation,2016-06-25
1116604,Scan Invoice,2016-07-06
1116604,Send Purchase Order,2016-06-22
1116605,Book Invoice,2016-07-20
1116605,Create Purchase Order Item,2016-06-20
1116605,Dun Order Confirmation,2016-06-26
1116605,Receive Goods,2016-07-06
1116605,Receive Order Confirmation,2016-06-28
1116605,Scan Invoice,2016-07-12
1116605,Send Purchase Order,2016-06-21
1116606,Book Invoice,2016-07-18
1116606,Create Purchase Order Item,2016-06-20
1116606,Dun Order Confirmation,2016-06-26
1116606,Receive Goods,2016-07-07
1116606,Receive Order Confirmation,2016-06-29
1116606,Scan Invoice,2016-07-11
1116606,Send Purchase Order,2016-06-21
1116607,Book Invoice,2016-07-22
1116607,Create Purchase Order Item,2016-06-20
1116607,Receive Goods,2016-07-03
1116607,Remove Payment Block,2016-07-18
1116607,Scan Invoice,2016-07-10
1116607,Send Purchase Order,2016-06-21
1116607,Set Payment Block,2016-07-13
1116608,Book Invoice,2016-07-17
1116608,Create Purchase Order Item,2016-06-20
1116608,Receive Goods,2016-07-05
1116608,Scan Invoice,2016-07-09
1116608,Send Purchase Order,2016-06-23
1116608,Send Purchase Order Update,2016-06-25
1116609,Book Invoice,2016-07-13
1116609,Change Currency,2016-06-27
1116609,Create Purchase Order Item,2016-06-20
1116609,Receive Goods,2016-07-01
1116609,Scan Invoice,2016-07-07
1116609,Send Purchase Order,2016-06-22
1116610,Create Purchase Order Item,2016-06-20
1116610,Delete Purchase Order Item,2016-07-02
1116610,Send Purchase Order,2016-06-23
1116611,Block Purchase Order Item,2016-06-28
1116611,Create Purchase Order Item,2016-06-20
1116611,Send Purchase Order,2016-06-22
1116612,Block Purchase Order Item,2016-07-06
1116612,Book Invoice,2016-08-02
1116612,Create Purchase Order Item,2016-06-30
1116612,Receive Goods,2016-07-16
1116612,Release Purchase Order,2016-07-11
1116612,Scan Invoice,2016-07-18
1116612,Send Purchase Order,2016-07-03
1116613,Create Purchase Order Item,2016-06-30
1116613,Refuse Purchase Order Item,2016-07-03
1116614,Book Invoice,2016-08-09
1116614,Create Purchase Order Item,2016-07-17
1116614,Receive Goods,2016-07-27
1116614,Scan Invoice,2016-07-31
1116614,Send Purchase Order,2016-07-19
1116615,Book Invoice,2016-08-12
1116615,Create Purchase Order Item,2016-07-17
1116615,Receive Goods,2016-07-26
1116615,Scan Invoice,2016-08-03
1116615,Send Purchase Order,2016-07-18
1116616,Book Invoice,2016-08-09
1116616,Create Purchase Order Item,2016-07-17
1116616,Receive Goods,2016-07-27
1116616,Scan Invoice,2016-08-03
1116616,Send Purchase Order,2016-07-19
1116617,Book Invoice,2016-08-05
1116617,Create Purchase Order Item,2016-07-17
1116617,Receive Goods,2016-07-28
1116617,Scan Invoice,2016-08-02
1116617,Send Purchase Order,2016-07-20
1116618,Book Invoice,2016-08-08
1116618,Create Purchase Order Item,2016-07-17
1116618,Receive Goods,2016-07-27
1116618,Scan Invoice,2016-08-03
1116618,Send Purchase Order,2016-07-20
1116619,Book Invoice,2016-08-12
1116619,Create Purchase Order Item,2016-07-17
1116619,Receive Goods,2016-07-26
1116619,Scan Invoice,2016-07-31
1116619,Send Purchase Order,2016-07-20
1116620,Book Invoice,2016-08-16
1116620,Create Purchase Order Item,2016-07-23
1116620,Receive Goods,2016-08-01
1116620,Scan Invoice,2016-08-07
1116620,Send Purchase Order,2016-07-25
1116621,Book Invoice,2016-08-21
1116621,Create Purchase Order Item,2016-07-23
1116621,Receive Goods,2016-08-04
1116621,Scan Invoice,2016-08-10
1116621,Send Purchase Order,2016-07-25
1116622,Book Invoice,2016-08-24
1116622,Create Purchase Order Item,2016-08-05
1116622,Receive Goods,2016-08-14
1116622,Scan Invoice,2016-08-20
1116622,Send Purchase Order,2016-08-06
1116623,Book Invoice,2016-08-26
1116623,Create Purchase Order Item,2016-08-05
1116623,Receive Goods,2016-08-15
1116623,Scan Invoice,2016-08-23
1116623,Send Purchase Order,2016-08-07
1116624,Book Invoice,2016-09-01
1116624,Create Purchase Order Item,2016-08-05
1116624,Receive Goods,2016-08-16
1116624,Scan Invoice,2016-08-21
1116624,Send Purchase Order,2016-08-07
1116625,Book Invoice,2016-08-24
1116625,Create Purchase Order Item,2016-08-05
1116625,Receive Goods,2016-08-15
1116625,Scan Invoice,2016-08-19
1116625,Send Purchase Order,2016-08-06
1116626,Book Invoice,2016-09-09
1116626,Create Purchase Order Item,2016-08-05
1116626,Receive Goods,2016-08-17
1116626,Scan Invoice,2016-08-23
1116626,Send Purchase Order,2016-08-07
1116627,Book Invoice,2016-09-10
1116627,Create Purchase Order Item,2016-08-07
1116627,Receive Goods,2016-08-19
1116627,Scan Invoice,2016-08-25
1116627,Send Purchase Order,2016-08-08
1116628,Book Invoice,2016-09-01
1116628,Create Purchase Order Item,2016-08-07
1116628,Receive Goods,2016-08-18
1116628,Scan Invoice,2016-08-25
1116628,Send Purchase Order,2016-08-09
1116629,Book Invoice,2016-09-04
1116629,Create Purchase Order Item,2016-08-07
1116629,Receive Goods,2016-08-17
1116629,Scan Invoice,2016-08-21
1116629,Send Purchase Order,2016-08-09
1116630,Book Invoice,2016-09-04
1116630,Create Purchase Order Item,2016-08-07
1116630,Receive Goods,2016-08-19
1116630,Scan Invoice,2016-08-23
1116630,Send Purchase Order,2016-08-08
1116631,Book Invoice,2016-10-13
1116631,Create Purchase Order Item,2016-09-15
1116631,Receive Goods,2016-09-27
1116631,Scan Invoice,2016-09-14
1116631,Send Purchase Order,2016-09-16
1116632,Book Invoice,2016-10-08
1116632,Create Purchase Order Item,2016-09-15
1116632,Receive Goods,2016-09-24
1116632,Scan Invoice,2016-09-13
1116632,Send Purchase Order,2016-09-18
1116633,Book Invoice,2016-11-12
1116633,Create Purchase Order Item,2016-10-15
1116633,Receive Goods,2016-10-25
1116633,Scan Invoice,2016-10-13
1116633,Send Purchase Order,2016-10-17
1116634,Book Invoice,2016-09-22
1116634,Change Price,2016-08-25
1116634,Create Purchase Order Item,2016-08-14
1116634,Receive Goods,2016-09-03
1116634,Scan Invoice,2016-09-08
1116634,Send Purchase Order,2016-08-17
1116635,Book Invoice,2016-09-22
1116635,Change Price,2016-08-23
1116635,Create Purchase Order Item,2016-08-14
1116635,Receive Goods,2016-09-01
1116635,Scan Invoice,2016-09-08
1116635,Send Purchase Order,2016-08-16
1116636,Book Invoice,2016-09-21
1116636,Change Price,2016-08-23
1116636,Create Purchase Order Item,2016-08-15
1116636,Receive Goods,2016-09-04
1116636,Scan Invoice,2016-09-08
1116636,Send Purchase Order,2016-08-17
1116637,Book Invoice,2016-09-21
1116637,Change Price,2016-08-25
1116637,Create Purchase Order Item,2016-08-15
1116637,Receive Goods,2016-09-01
1116637,Scan Invoice,2016-09-10
1116637,Send Purchase Order,2016-08-16
1116638,Book Invoice,2016-09-13
1116638,Create Purchase Order Item,2016-08-15
1116638,Receive Goods,2016-08-25
1116638,Scan Invoice,2016-08-29
1116638,Send Purchase Order,2016-08-16
1116639,Book Invoice,2016-09-11
1116639,Create Purchase Order Item,2016-08-15
1116639,Receive Goods,2016-08-25
1116639,Scan Invoice,2016-09-01
1116639,Send Purchase Order,2016-08-16
1116640,Book Invoice,2016-09-11
1116640,Create Purchase Order Item,2016-08-15
1116640,Receive Goods,2016-08-24
1116640,Scan Invoice,2016-09-01
1116640,Send Purchase Order,2016-08-16
1116641,Book Invoice,2016-09-09
1116641,Create Purchase Order Item,2016-08-18
1116641,Receive Goods,2016-08-27
1116641,Scan Invoice,2016-09-03
1116641,Send Purchase Order,2016-08-20
1116642,Book Invoice,2016-09-09
1116642,Create Purchase Order Item,2016-08-18
1116642,Receive Goods,2016-08-29
1116642,Scan Invoice,2016-09-02
1116642,Send Purchase Order,2016-08-19
1116643,Book Invoice,2016-09-17
1116643,Create Purchase Order Item,2016-08-20
1116643,Receive Goods,2016-08-29
1116643,Scan Invoice,2016-09-06
1116643,Send Purchase Order,2016-08-22
1116644,Book Invoice,2016-09-09
1116644,Create Purchase Order Item,2016-08-20
1116644,Receive Goods,2016-08-29
1116644,Receive Order Confirmation,2016-08-25
1116644,Scan Invoice,2016-09-04
1116644,Send Purchase Order,2016-08-22
1116645,Book Invoice,2016-09-09
1116645,Create Purchase Order Item,2016-08-20
1116645,Receive Goods,2016-08-30
1116645,Receive Order Confirmation,2016-08-24
1116645,Scan Invoice,2016-09-05
1116645,Send Purchase Order,2016-08-22
1116646,Book Invoice,2016-09-18
1116646,Create Purchase Order Item,2016-08-20
1116646,Dun Order Confirmation,2016-08-25
1116646,Receive Goods,2016-09-05
1116646,Receive Order Confirmation,2016-08-30
1116646,Scan Invoice,2016-09-10
1116646,Send Purchase Order,2016-08-21
1116647,Book Invoice,2016-09-17
1116647,Create Purchase Order Item,2016-08-20
1116647,Dun Order Confirmation,2016-08-24
1116647,Receive Goods,2016-09-05
1116647,Receive Order Confirmation,2016-08-29
1116647,Scan Invoice,2016-09-13
1116647,Send Purchase Order,2016-08-23
1116648,Book Invoice,2016-09-27
1116648,Create Purchase Order Item,2016-08-20
1116648,Receive Goods,2016-09-02
1116648,Remove Payment Block,2016-09-13
1116648,Scan Invoice,2016-09-07
1116648,Send Purchase Order,2016-08-23
1116648,Set Payment Block,2016-09-10
1116649,Book Invoice,2016-09-15
1116649,Create Purchase Order Item,2016-08-20
1116649,Receive Goods,2016-09-03
1116649,Scan Invoice,2016-09-10
1116649,Send Purchase Order,2016-08-22
1116649,Send Purchase Order Update,2016-08-25
1116650,Book Invoice,2016-09-18
1116650,Change Currency,2016-08-26
1116650,Create Purchase Order Item,2016-08-20
1116650,Receive Goods,2016-09-02
1116650,Scan Invoice,2016-09-07
1116650,Send Purchase Order,2016-08-23
1116651,Create Purchase Order Item,2016-08-20
1116651,Delete Purchase Order Item,2016-08-30
1116651,Send Purchase Order,2016-08-23
1116652,Block Purchase Order Item,2016-09-20
1116652,Create Purchase Order Item,2016-09-11
1116652,Send Purchase Order,2016-09-13
1116653,Block Purchase Order Item,2016-09-18
1116653,Book Invoice,2016-10-08
1116653,Create Purchase Order Item,2016-09-12
1116653,Receive Goods,2016-09-25
1116653,Release Purchase Order,2016-09-24
1116653,Scan Invoice,2016-10-01
1116653,Send Purchase Order,2016-09-14
1116654,Create Purchase Order Item,2016-09-12
1116654,Refuse Purchase Order Item,2016-09-13
1116655,Book Invoice,2016-10-10
1116655,Create Purchase Order Item,2016-09-12
1116655,Receive Goods,2016-09-22
1116655,Scan Invoice,2016-09-28
1116655,Send Purchase Order,2016-09-14
1116656,Book Invoice,2016-10-26
1116656,Create Purchase Order Item,2016-10-01
1116656,Receive Goods,2016-10-11
1116656,Scan Invoice,2016-10-17
1116656,Send Purchase Order,2016-10-03
1116657,Book Invoice,2016-10-26
1116657,Create Purchase Order Item,2016-10-01
1116657,Receive Goods,2016-10-10
1116657,Scan Invoice,2016-10-15
1116657,Send Purchase Order,2016-10-02
1116658,Book Invoice,2016-11-09
1116658,Create Purchase Order Item,2016-10-15
1116658,Receive Goods,2016-10-26
1116658,Scan Invoice,2016-11-01
1116658,Send Purchase Order,2016-10-17
1116659,Book Invoice,2016-11-09
1116659,Create Purchase Order Item,2016-10-15
1116659,Receive Goods,2016-10-24
1116659,Scan Invoice,2016-11-02
1116659,Send Purchase Order,2016-10-17
1116660,Book Invoice,2016-11-08
1116660,Create Purchase Order Item,2016-10-15
1116660,Receive Goods,2016-10-27
1116660,Scan Invoice,2016-10-29
1116660,Send Purchase Order,2016-10-18
1116661,Book Invoice,2016-11-12
1116661,Create Purchase Order Item,2016-10-15
1116661,Receive Goods,2016-10-26
1116661,Scan Invoice,2016-10-30
1116661,Send Purchase Order,2016-10-17
1116662,Book Invoice,2016-11-11
1116662,Create Purchase Order Item,2016-10-15
1116662,Receive Goods,2016-10-24
1116662,Scan Invoice,2016-10-30
1116662,Send Purchase Order,2016-10-17
1116663,Book Invoice,2016-11-04
1116663,Create Purchase Order Item,2016-10-15
1116663,Receive Goods,2016-10-27
1116663,Scan Invoice,2016-11-01
1116663,Send Purchase Order,2016-10-18
1116664,Book Invoice,2016-11-30
1116664,Create Purchase Order Item,2016-11-04
1116664,Receive Goods,2016-11-14
1116664,Scan Invoice,2016-11-21
1116664,Send Purchase Order,2016-11-06
1116665,Book Invoice,2016-11-24
1116665,Create Purchase Order Item,2016-11-04
1116665,Receive Goods,2016-11-14
1116665,Scan Invoice,2016-11-22
1116665,Send Purchase Order,2016-11-06
1116666,Book Invoice,2016-11-26
1116666,Create Purchase Order Item,2016-11-04
1116666,Receive Goods,2016-11-14
1116666,Scan Invoice,2016-11-18
1116666,Send Purchase Order,2016-11-06
1116667,Book Invoice,2016-12-01
1116667,Create Purchase Order Item,2016-11-04
1116667,Receive Goods,2016-11-15
1116667,Scan Invoice,2016-11-20
1116667,Send Purchase Order,2016-11-05
1116668,Book Invoice,2016-12-02
1116668,Create Purchase Order Item,2016-11-10
1116668,Receive Goods,2016-11-20
1116668,Scan Invoice,2016-11-25
1116668,Send Purchase Order,2016-11-11
1116669,Book Invoice,2016-12-07
1116669,Create Purchase Order Item,2016-11-14
1116669,Receive Goods,2016-11-25
1116669,Scan Invoice,2016-12-01
1116669,Send Purchase Order,2016-11-16
1116670,Book Invoice,2016-12-03
1116670,Create Purchase Order Item,2016-11-14
1116670,Receive Goods,2016-11-23
1116670,Scan Invoice,2016-11-29
1116670,Send Purchase Order,2016-11-17
1116671,Book Invoice,2016-12-18
1116671,Create Purchase Order Item,2016-11-27
1116671,Receive Goods,2016-12-05
1116671,Scan Invoice,2016-12-12
1116671,Send Purchase Order,2016-11-29
1116672,Book Invoice,2016-08-07
1116672,Create Purchase Order Item,2016-07-15
1116672,Receive Goods,2016-07-24
1116672,Scan Invoice,2016-07-13
1116672,Send Purchase Order,2016-07-16
1116673,Book Invoice,2016-11-08
1116673,Create Purchase Order Item,2016-10-15
1116673,Receive Goods,2016-10-24
1116673,Scan Invoice,2016-10-12
1116673,Send Purchase Order,2016-10-17
1116674,Book Invoice,2016-10-09
1116674,Create Purchase Order Item,2016-09-15
1116674,Receive Goods,2016-09-24
1116674,Scan Invoice,2016-09-13
1116674,Send Purchase Order,2016-09-17
1116675,Book Invoice,2016-03-28
1116675,Change Price,2016-03-06
1116675,Create Purchase Order Item,2016-02-24
1116675,Receive Goods,2016-03-14
1116675,Scan Invoice,2016-03-18
1116675,Send Purchase Order,2016-02-26
1116676,Book Invoice,2016-03-25
1116676,Change Price,2016-03-07
1116676,Create Purchase Order Item,2016-02-24
1116676,Receive Goods,2016-03-15
1116676,Scan Invoice,2016-03-21
1116676,Send Purchase Order,2016-02-25
1116677,Book Invoice,2016-03-31
1116677,Change Price,2016-03-14
1116677,Create Purchase Order Item,2016-03-04
1116677,Receive Goods,2016-03-25
1116677,Scan Invoice,2016-03-27
1116677,Send Purchase Order,2016-03-06
1116678,Book Invoice,2016-04-06
1116678,Change Price,2016-03-14
1116678,Create Purchase Order Item,2016-03-04
1116678,Receive Goods,2016-03-22
1116678,Scan Invoice,2016-03-27
1116678,Send Purchase Order,2016-03-06
1116679,Book Invoice,2016-03-27
1116679,Create Purchase Order Item,2016-03-04
1116679,Receive Goods,2016-03-15
1116679,Scan Invoice,2016-03-21
1116679,Send Purchase Order,2016-03-06
1116680,Book Invoice,2016-03-28
1116680,Create Purchase Order Item,2016-03-04
1116680,Receive Goods,2016-03-16
1116680,Scan Invoice,2016-03-19
1116680,Send Purchase Order,2016-03-06
1116681,Book Invoice,2016-04-07
1116681,Create Purchase Order Item,2016-03-04
1116681,Receive Goods,2016-03-14
1116681,Scan Invoice,2016-03-20
1116681,Send Purchase Order,2016-03-07
1116682,Book Invoice,2016-03-30
1116682,Create Purchase Order Item,2016-03-04
1116682,Receive Goods,2016-03-15
1116682,Scan Invoice,2016-03-21
1116682,Send Purchase Order,2016-03-07
1116683,Book Invoice,2016-04-05
1116683,Create Purchase Order Item,2016-03-04
1116683,Receive Goods,2016-03-12
1116683,Scan Invoice,2016-03-21
1116683,Send Purchase Order,2016-03-05
1116684,Book Invoice,2016-04-01
1116684,Create Purchase Order Item,2016-03-04
1116684,Receive Goods,2016-03-12
1116684,Scan Invoice,2016-03-18
1116684,Send Purchase Order,2016-03-07
1116685,Book Invoice,2016-04-06
1116685,Create Purchase Order Item,2016-03-04
1116685,Receive Goods,2016-03-16
1116685,Receive Order Confirmation,2016-03-09
1116685,Scan Invoice,2016-03-21
1116685,Send Purchase Order,2016-03-06
1116686,Book Invoice,2016-03-31
1116686,Create Purchase Order Item,2016-03-04
1116686,Receive Goods,2016-03-13
1116686,Receive Order Confirmation,2016-03-08
1116686,Scan Invoice,2016-03-20
1116686,Send Purchase Order,2016-03-05
1116687,Book Invoice,2016-04-09
1116687,Create Purchase Order Item,2016-03-09
1116687,Dun Order Confirmation,2016-03-16
1116687,Receive Goods,2016-03-24
1116687,Receive Order Confirmation,2016-03-19
1116687,Scan Invoice,2016-03-30
1116687,Send Purchase Order,2016-03-11
1116688,Book Invoice,2016-05-08
1116688,Create Purchase Order Item,2016-04-09
1116688,Dun Order Confirmation,2016-04-14
1116688,Receive Goods,2016-04-24
1116688,Receive Order Confirmation,2016-04-19
1116688,Scan Invoice,2016-05-01
1116688,Send Purchase Order,2016-04-10
1116689,Book Invoice,2016-06-05
1116689,Create Purchase Order Item,2016-04-21
1116689,Receive Goods,2016-05-03
1116689,Remove Payment Block,2016-05-16
1116689,Scan Invoice,2016-05-09
1116689,Send Purchase Order,2016-04-23
1116689,Set Payment Block,2016-05-14
1116690,Book Invoice,2016-06-04
1116690,Create Purchase Order Item,2016-05-05
1116690,Receive Goods,2016-05-21
1116690,Scan Invoice,2016-05-23
1116690,Send Purchase Order,2016-05-07
1116690,Send Purchase Order Update,2016-05-10
1116691,Book Invoice,2016-06-13
1116691,Change Currency,2016-05-14
1116691,Create Purchase Order Item,2016-05-08
1116691,Receive Goods,2016-05-20
1116691,Scan Invoice,2016-05-28
1116691,Send Purchase Order,2016-05-11
1116692,Create Purchase Order Item,2016-05-19
1116692,Delete Purchase Order Item,2016-05-29
1116692,Send Purchase Order,2016-05-20
1116693,Block Purchase Order Item,2016-05-28
1116693,Create Purchase Order Item,2016-05-19
1116693,Send Purchase Order,2016-05-21
1116694,Block Purchase Order Item,2016-05-25
1116694,Book Invoice,2016-06-25
1116694,Create Purchase Order Item,2016-05-19
1116694,Receive Goods,2016-06-05
1116694,Release Purchase Order,2016-05-27
1116694,Scan Invoice,2016-06-08
1116694,Send Purchase Order,2016-05-20
1116695,Create Purchase Order Item,2016-06-01
1116695,Refuse Purchase Order Item,2016-06-03
1116696,Book Invoice,2016-06-26
1116696,Create Purchase Order Item,2016-06-01
1116696,Receive Goods,2016-06-10
1116696,Scan Invoice,2016-06-16
1116696,Send Purchase Order,2016-06-04
1116697,Book Invoice,2016-07-05
1116697,Create Purchase Order Item,2016-06-01
1116697,Receive Goods,2016-06-10
1116697,Scan Invoice,2016-06-19
1116697,Send Purchase Order,2016-06-03
1116698,Book Invoice,2016-07-02
1116698,Create Purchase Order Item,2016-06-01
1116698,Receive Goods,2016-06-09
1116698,Scan Invoice,2016-06-18
1116698,Send Purchase Order,2016-06-03
1116699,Book Invoice,2016-07-18
1116699,Create Purchase Order Item,2016-06-15
1116699,Receive Goods,2016-06-27
1116699,Scan Invoice,2016-07-03
1116699,Send Purchase Order,2016-06-17
1116700,Book Invoice,2016-07-12
1116700,Create Purchase Order Item,2016-06-15
1116700,Receive Goods,2016-06-23
1116700,Scan Invoice,2016-07-03
1116700,Send Purchase Order,2016-06-16
1116701,Book Invoice,2016-07-16
1116701,Create Purchase Order Item,2016-06-15
1116701,Receive Goods,2016-06-25
1116701,Scan Invoice,2016-06-30
1116701,Send Purchase Order,2016-06-17
1116702,Book Invoice,2016-07-15
1116702,Create Purchase Order Item,2016-06-15
1116702,Receive Goods,2016-06-27
1116702,Scan Invoice,2016-07-01
1116702,Send Purchase Order,2016-06-17
1116703,Book Invoice,2016-07-16
1116703,Create Purchase Order Item,2016-06-15
1116703,Receive Goods,2016-06-27
1116703,Scan Invoice,2016-06-30
1116703,Send Purchase Order,2016-06-17
1116704,Book Invoice,2016-07-20
1116704,Create Purchase Order Item,2016-06-15
1116704,Receive Goods,2016-06-27
1116704,Scan Invoice,2016-07-03
1116704,Send Purchase Order,2016-06-17
1116705,Book Invoice,2016-07-16
1116705,Create Purchase Order Item,2016-06-15
1116705,Receive Goods,2016-06-26
1116705,Scan Invoice,2016-06-30
1116705,Send Purchase Order,2016-06-17
1116706,Book Invoice,2016-07-20
1116706,Create Purchase Order Item,2016-06-15
1116706,Receive Goods,2016-06-24
1116706,Scan Invoice,2016-07-02
1116706,Send Purchase Order,2016-06-17
1116707,Book Invoice,2016-07-14
1116707,Create Purchase Order Item,2016-06-15
1116707,Receive Goods,2016-06-24
1116707,Scan Invoice,2016-06-30
1116707,Send Purchase Order,2016-06-18
1116708,Book Invoice,2016-07-11
1116708,Create Purchase Order Item,2016-06-15
1116708,Receive Goods,2016-06-27
1116708,Scan Invoice,2016-06-30
1116708,Send Purchase Order,2016-06-16
1116709,Book Invoice,2016-07-15
1116709,Create Purchase Order Item,2016-06-15
1116709,Receive Goods,2016-06-23
1116709,Scan Invoice,2016-06-30
1116709,Send Purchase Order,2016-06-17
1116710,Book Invoice,2016-07-13
1116710,Create Purchase Order Item,2016-06-15
1116710,Receive Goods,2016-06-24
1116710,Scan Invoice,2016-07-01
1116710,Send Purchase Order,2016-06-16
1116711,Book Invoice,2016-07-18
1116711,Create Purchase Order Item,2016-06-15
1116711,Receive Goods,2016-06-26
1116711,Scan Invoice,2016-07-02
1116711,Send Purchase Order,2016-06-17
1116712,Book Invoice,2016-07-18
1116712,Create Purchase Order Item,2016-06-15
1116712,Receive Goods,2016-06-25
1116712,Scan Invoice,2016-07-03
1116712,Send Purchase Order,2016-06-16
1116713,Book Invoice,2016-11-13
1116713,Create Purchase Order Item,2016-10-15
1116713,Receive Goods,2016-10-26
1116713,Scan Invoice,2016-10-12
1116713,Send Purchase Order,2016-10-16
1116714,Book Invoice,2016-10-08
1116714,Create Purchase Order Item,2016-09-15
1116714,Receive Goods,2016-09-25
1116714,Scan Invoice,2016-09-12
1116714,Send Purchase Order,2016-09-16
1116715,Book Invoice,2016-11-10
1116715,Create Purchase Order Item,2016-10-15
1116715,Receive Goods,2016-10-25
1116715,Scan Invoice,2016-10-14
1116715,Send Purchase Order,2016-10-17
1116716,Book Invoice,2016-07-26
1116716,Change Price,2016-06-25
1116716,Create Purchase Order Item,2016-06-15
1116716,Receive Goods,2016-07-06
1116716,Scan Invoice,2016-07-09
1116716,Send Purchase Order,2016-06-18
1116717,Book Invoice,2016-07-20
1116717,Change Price,2016-06-24
1116717,Create Purchase Order Item,2016-06-15
1116717,Receive Goods,2016-07-04
1116717,Scan Invoice,2016-07-07
1116717,Send Purchase Order,2016-06-16
1116718,Book Invoice,2016-07-24
1116718,Change Price,2016-06-26
1116718,Create Purchase Order Item,2016-06-15
1116718,Receive Goods,2016-07-05
1116718,Scan Invoice,2016-07-09
1116718,Send Purchase Order,2016-06-17
1116719,Book Invoice,2016-07-19
1116719,Change Price,2016-06-25
1116719,Create Purchase Order Item,2016-06-15
1116719,Receive Goods,2016-07-03
1116719,Scan Invoice,2016-07-11
1116719,Send Purchase Order,2016-06-17
1116720,Book Invoice,2016-07-13
1116720,Create Purchase Order Item,2016-06-15
1116720,Receive Goods,2016-06-26
1116720,Scan Invoice,2016-07-01
1116720,Send Purchase Order,2016-06-17
1116721,Book Invoice,2016-07-19
1116721,Create Purchase Order Item,2016-06-15
1116721,Receive Goods,2016-06-26
1116721,Scan Invoice,2016-07-01
1116721,Send Purchase Order,2016-06-17
1116722,Book Invoice,2016-07-13
1116722,Create Purchase Order Item,2016-06-15
1116722,Receive Goods,2016-06-24
1116722,Scan Invoice,2016-07-03
1116722,Send Purchase Order,2016-06-16
1116723,Book Invoice,2016-07-11
1116723,Create Purchase Order Item,2016-06-15
1116723,Receive Goods,2016-06-27
1116723,Scan Invoice,2016-06-29
1116723,Send Purchase Order,2016-06-17
1116724,Book Invoice,2016-07-10
1116724,Create Purchase Order Item,2016-06-15
1116724,Receive Goods,2016-06-26
1116724,Scan Invoice,2016-06-30
1116724,Send Purchase Order,2016-06-17
1116725,Book Invoice,2016-07-19
1116725,Create Purchase Order Item,2016-06-15
1116725,Receive Goods,2016-06-27
1116725,Scan Invoice,2016-07-03
1116725,Send Purchase Order,2016-06-17
1116726,Book Invoice,2016-07-11
1116726,Create Purchase Order Item,2016-06-15
1116726,Receive Goods,2016-06-26
1116726,Receive Order Confirmation,2016-06-20
1116726,Scan Invoice,2016-07-01
1116726,Send Purchase Order,2016-06-18
1116727,Book Invoice,2016-07-17
1116727,Create Purchase Order Item,2016-06-15
1116727,Receive Goods,2016-06-23
1116727,Receive Order Confirmation,2016-06-19
1116727,Scan Invoice,2016-07-02
1116727,Send Purchase Order,2016-06-16
1116728,Book Invoice,2016-07-22
1116728,Create Purchase Order Item,2016-06-15
1116728,Dun Order Confirmation,2016-06-22
1116728,Receive Goods,2016-06-30
1116728,Receive Order Confirmation,2016-06-24
1116728,Scan Invoice,2016-07-06
1116728,Send Purchase Order,2016-06-17
1116729,Book Invoice,2016-07-18
1116729,Create Purchase Order Item,2016-06-15
1116729,Dun Order Confirmation,2016-06-22
1116729,Receive Goods,2016-07-02
1116729,Receive Order Confirmation,2016-06-24
1116729,Scan Invoice,2016-07-09
1116729,Send Purchase Order,2016-06-17
1116730,Book Invoice,2016-07-26
1116730,Create Purchase Order Item,2016-06-15
1116730,Receive Goods,2016-06-26
1116730,Remove Payment Block,2016-07-15
1116730,Scan Invoice,2016-07-02
1116730,Send Purchase Order,2016-06-16
1116730,Set Payment Block,2016-07-07
1116731,Book Invoice,2016-07-17
1116731,Create Purchase Order Item,2016-06-15
1116731,Receive Goods,2016-06-27
1116731,Scan Invoice,2016-07-04
1116731,Send Purchase Order,2016-06-17
1116731,Send Purchase Order Update,2016-06-21
1116732,Book Invoice,2016-07-15
1116732,Change Currency,2016-06-21
1116732,Create Purchase Order Item,2016-06-15
1116732,Receive Goods,2016-06-28
1116732,Scan Invoice,2016-07-01
1116732,Send Purchase Order,2016-06-17
1116733,Create Purchase Order Item,2016-06-15
1116733,Delete Purchase Order Item,2016-06-25
1116733,Send Purchase Order,2016-06-16
1116734,Block Purchase Order Item,2016-06-25
1116734,Create Purchase Order Item,2016-06-15
1116734,Send Purchase Order,2016-06-17
1116735,Block Purchase Order Item,2016-06-22
1116735,Book Invoice,2016-07-15
1116735,Create Purchase Order Item,2016-06-15
1116735,Receive Goods,2016-06-29
1116735,Release Purchase Order,2016-06-25
1116735,Scan Invoice,2016-07-03
1116735,Send Purchase Order,2016-06-17
1116736,Create Purchase Order Item,2016-06-15
1116736,Refuse Purchase Order Item,2016-06-17
1116737,Book Invoice,2016-07-08
1116737,Create Purchase Order Item,2016-06-15
1116737,Receive Goods,2016-06-27
1116737,Scan Invoice,2016-07-02
1116737,Send Purchase Order,2016-06-17
1116738,Book Invoice,2016-07-08
1116738,Create Purchase Order Item,2016-06-15
1116738,Receive Goods,2016-06-25
1116738,Scan Invoice,2016-07-01
1116738,Send Purchase Order,2016-06-18
1116739,Book Invoice,2016-07-05
1116739,Create Purchase Order Item,2016-06-15
1116739,Receive Goods,2016-06-25
1116739,Scan Invoice,2016-06-30
1116739,Send Purchase Order,2016-06-17
1116740,Book Invoice,2016-07-06
1116740,Create Purchase Order Item,2016-06-15
1116740,Receive Goods,2016-06-24
1116740,Scan Invoice,2016-06-30
1116740,Send Purchase Order,2016-06-17
1116741,Book Invoice,2016-07-09
1116741,Create Purchase Order Item,2016-06-15
1116741,Receive Goods,2016-06-26
1116741,Scan Invoice,2016-06-30
1116741,Send Purchase Order,2016-06-18
1116742,Book Invoice,2016-07-08
1116742,Create Purchase Order Item,2016-06-15
1116742,Receive Goods,2016-06-26
1116742,Scan Invoice,2016-07-02
1116742,Send Purchase Order,2016-06-16
1116743,Book Invoice,2016-07-09
1116743,Create Purchase Order Item,2016-06-15
1116743,Receive Goods,2016-06-24
1116743,Scan Invoice,2016-07-01
1116743,Send Purchase Order,2016-06-16
1116744,Book Invoice,2016-07-06
1116744,Create Purchase Order Item,2016-06-15
1116744,Receive Goods,2016-06-26
1116744,Scan Invoice,2016-06-29
1116744,Send Purchase Order,2016-06-18
1116745,Book Invoice,2016-07-04
1116745,Create Purchase Order Item,2016-06-15
1116745,Receive Goods,2016-06-24
1116745,Scan Invoice,2016-06-30
1116745,Send Purchase Order,2016-06-16
1116746,Book Invoice,2016-07-08
1116746,Create Purchase Order Item,2016-06-15
1116746,Receive Goods,2016-06-25
1116746,Scan Invoice,2016-07-03
1116746,Send Purchase Order,2016-06-17
1116747,Book Invoice,2016-07-12
1116747,Create Purchase Order Item,2016-06-15
1116747,Receive Goods,2016-06-25
1116747,Scan Invoice,2016-07-01
1116747,Send Purchase Order,2016-06-17
1116748,Book Invoice,2016-07-19
1116748,Create Purchase Order Item,2016-06-15
1116748,Receive Goods,2016-06-24
1116748,Scan Invoice,2016-07-01
1116748,Send Purchase Order,2016-06-18
1116749,Book Invoice,2016-07-16
1116749,Create Purchase Order Item,2016-06-15
1116749,Receive Goods,2016-06-23
1116749,Scan Invoice,2016-06-29
1116749,Send Purchase Order,2016-06-17
1116750,Book Invoice,2016-07-18
1116750,Create Purchase Order Item,2016-06-15
1116750,Receive Goods,2016-06-24
1116750,Scan Invoice,2016-07-01
1116750,Send Purchase Order,2016-06-18
1116751,Book Invoice,2016-07-19
1116751,Create Purchase Order Item,2016-06-15
1116751,Receive Goods,2016-06-24
1116751,Scan Invoice,2016-07-01
1116751,Send Purchase Order,2016-06-16
1116752,Book Invoice,2016-07-17
1116752,Create Purchase Order Item,2016-06-15
1116752,Receive Goods,2016-06-27
1116752,Scan Invoice,2016-06-29
1116752,Send Purchase Order,2016-06-16
1116753,Book Invoice,2016-07-15
1116753,Create Purchase Order Item,2016-06-15
1116753,Receive Goods,2016-06-24
1116753,Scan Invoice,2016-07-01
1116753,Send Purchase Order,2016-06-16
1116754,Book Invoice,2016-11-13
1116754,Create Purchase Order Item,2016-10-15
1116754,Receive Goods,2016-10-25
1116754,Scan Invoice,2016-10-13
1116754,Send Purchase Order,2016-10-17
1116755,Book Invoice,2016-08-14
1116755,Create Purchase Order Item,2016-07-15
1116755,Receive Goods,2016-07-24
1116755,Scan Invoice,2016-07-12
1116755,Send Purchase Order,2016-07-17
1116756,Book Invoice,2016-11-06
1116756,Create Purchase Order Item,2016-10-15
1116756,Receive Goods,2016-10-25
1116756,Scan Invoice,2016-10-12
1116756,Send Purchase Order,2016-10-17
1116757,Book Invoice,2016-07-25
1116757,Change Price,2016-06-22
1116757,Create Purchase Order Item,2016-06-15
1116757,Receive Goods,2016-07-04
1116757,Scan Invoice,2016-07-09
1116757,Send Purchase Order,2016-06-18
1116758,Book Invoice,2016-07-23
1116758,Change Price,2016-06-23
1116758,Create Purchase Order Item,2016-06-15
1116758,Receive Goods,2016-07-05
1116758,Scan Invoice,2016-07-08
1116758,Send Purchase Order,2016-06-17
1116759,Book Invoice,2016-08-03
1116759,Change Price,2016-06-30
1116759,Create Purchase Order Item,2016-06-22
1116759,Receive Goods,2016-07-10
1116759,Scan Invoice,2016-07-14
1116759,Send Purchase Order,2016-06-23
1116760,Book Invoice,2016-08-07
1116760,Change Price,2016-07-08
1116760,Create Purchase Order Item,2016-06-29
1116760,Receive Goods,2016-07-17
1116760,Scan Invoice,2016-07-24
1116760,Send Purchase Order,2016-06-30
1116761,Book Invoice,2016-08-05
1116761,Create Purchase Order Item,2016-07-03
1116761,Receive Goods,2016-07-13
1116761,Scan Invoice,2016-07-17
1116761,Send Purchase Order,2016-07-05
1116762,Book Invoice,2016-08-16
1116762,Create Purchase Order Item,2016-07-17
1116762,Receive Goods,2016-07-27
1116762,Scan Invoice,2016-08-02
1116762,Send Purchase Order,2016-07-20
1116763,Book Invoice,2016-08-19
1116763,Create Purchase Order Item,2016-07-17
1116763,Receive Goods,2016-07-26
1116763,Scan Invoice,2016-08-04
1116763,Send Purchase Order,2016-07-20
1116764,Book Invoice,2016-08-20
1116764,Create Purchase Order Item,2016-07-17
1116764,Receive Goods,2016-07-26
1116764,Scan Invoice,2016-08-02
1116764,Send Purchase Order,2016-07-19
1116765,Book Invoice,2016-08-20
1116765,Create Purchase Order Item,2016-07-17
1116765,Receive Goods,2016-07-29
1116765,Scan Invoice,2016-08-03
1116765,Send Purchase Order,2016-07-20
1116766,Book Invoice,2016-08-13
1116766,Create Purchase Order Item,2016-07-17
1116766,Receive Goods,2016-07-27
1116766,Scan Invoice,2016-08-02
1116766,Send Purchase Order,2016-07-20
1116767,Book Invoice,2016-08-14
1116767,Create Purchase Order Item,2016-07-17
1116767,Receive Goods,2016-07-25
1116767,Receive Order Confirmation,2016-07-21
1116767,Scan Invoice,2016-07-31
1116767,Send Purchase Order,2016-07-19
1116768,Book Invoice,2016-08-14
1116768,Create Purchase Order Item,2016-07-17
1116768,Receive Goods,2016-07-28
1116768,Receive Order Confirmation,2016-07-21
1116768,Scan Invoice,2016-08-03
1116768,Send Purchase Order,2016-07-19
1116769,Book Invoice,2016-08-14
1116769,Create Purchase Order Item,2016-07-17
1116769,Dun Order Confirmation,2016-07-24
1116769,Receive Goods,2016-08-02
1116769,Receive Order Confirmation,2016-07-26
1116769,Scan Invoice,2016-08-08
1116769,Send Purchase Order,2016-07-20
1116770,Book Invoice,2016-08-20
1116770,Create Purchase Order Item,2016-07-17
1116770,Dun Order Confirmation,2016-07-22
1116770,Receive Goods,2016-08-01
1116770,Receive Order Confirmation,2016-07-27
1116770,Scan Invoice,2016-08-06
1116770,Send Purchase Order,2016-07-19
1116771,Book Invoice,2016-08-24
1116771,Create Purchase Order Item,2016-07-17
1116771,Receive Goods,2016-07-30
1116771,Remove Payment Block,2016-08-16
1116771,Scan Invoice,2016-08-03
1116771,Send Purchase Order,2016-07-18
1116771,Set Payment Block,2016-08-08
1116772,Book Invoice,2016-08-16
1116772,Create Purchase Order Item,2016-07-17
1116772,Receive Goods,2016-07-30
1116772,Scan Invoice,2016-08-04
1116772,Send Purchase Order,2016-07-19
1116772,Send Purchase Order Update,2016-07-21
1116773,Book Invoice,2016-08-22
1116773,Change Currency,2016-07-22
1116773,Create Purchase Order Item,2016-07-17
1116773,Receive Goods,2016-07-27
1116773,Scan Invoice,2016-08-06
1116773,Send Purchase Order,2016-07-19
1116774,Create Purchase Order Item,2016-07-17
1116774,Delete Purchase Order Item,2016-07-29
1116774,Send Purchase Order,2016-07-19
1116775,Block Purchase Order Item,2016-07-27
1116775,Create Purchase Order Item,2016-07-17
1116775,Send Purchase Order,2016-07-19
1116776,Block Purchase Order Item,2016-07-23
1116776,Book Invoice,2016-08-22
1116776,Create Purchase Order Item,2016-07-17
1116776,Receive Goods,2016-08-01
1116776,Release Purchase Order,2016-07-27
1116776,Scan Invoice,2016-08-06
1116776,Send Purchase Order,2016-07-18
1116777,Create Purchase Order Item,2016-07-17
1116777,Refuse Purchase Order Item,2016-07-18
1116778,Book Invoice,2016-08-18
1116778,Create Purchase Order Item,2016-07-17
1116778,Receive Goods,2016-07-26
1116778,Scan Invoice,2016-08-01
1116778,Send Purchase Order,2016-07-19
1116779,Book Invoice,2016-08-14
1116779,Create Purchase Order Item,2016-07-17
1116779,Receive Goods,2016-07-28
1116779,Scan Invoice,2016-08-03
1116779,Send Purchase Order,2016-07-19
1116780,Book Invoice,2016-08-14
1116780,Create Purchase Order Item,2016-07-17
1116780,Receive Goods,2016-07-26
1116780,Scan Invoice,2016-08-03
1116780,Send Purchase Order,2016-07-19
1116781,Book Invoice,2016-08-18
1116781,Create Purchase Order Item,2016-07-17
1116781,Receive Goods,2016-07-28
1116781,Scan Invoice,2016-08-01
1116781,Send Purchase Order,2016-07-19
1116782,Book Invoice,2016-08-18
1116782,Create Purchase Order Item,2016-07-17
1116782,Receive Goods,2016-07-27
1116782,Scan Invoice,2016-08-02
1116782,Send Purchase Order,2016-07-18
1116783,Book Invoice,2016-08-12
1116783,Create Purchase Order Item,2016-07-17
1116783,Receive Goods,2016-07-28
1116783,Scan Invoice,2016-08-03
1116783,Send Purchase Order,2016-07-18
1116784,Book Invoice,2016-08-20
1116784,Create Purchase Order Item,2016-07-17
1116784,Receive Goods,2016-07-27
1116784,Scan Invoice,2016-08-01
1116784,Send Purchase Order,2016-07-20
1116785,Book Invoice,2016-08-15
1116785,Create Purchase Order Item,2016-07-17
1116785,Receive Goods,2016-07-28
1116785,Scan Invoice,2016-08-04
1116785,Send Purchase Order,2016-07-18
1116786,Book Invoice,2016-08-16
1116786,Create Purchase Order Item,2016-07-17
1116786,Receive Goods,2016-07-26
1116786,Scan Invoice,2016-08-04
1116786,Send Purchase Order,2016-07-20
1116787,Book Invoice,2016-08-21
1116787,Create Purchase Order Item,2016-07-17
1116787,Receive Goods,2016-07-27
1116787,Scan Invoice,2016-07-31
1116787,Send Purchase Order,2016-07-19
1116788,Book Invoice,2016-08-23
1116788,Create Purchase Order Item,2016-07-24
1116788,Receive Goods,2016-08-04
1116788,Scan Invoice,2016-08-09
1116788,Send Purchase Order,2016-07-26
1116789,Book Invoice,2016-08-21
1116789,Create Purchase Order Item,2016-07-24
1116789,Receive Goods,2016-08-04
1116789,Scan Invoice,2016-08-07
1116789,Send Purchase Order,2016-07-27
1116790,Book Invoice,2016-08-22
1116790,Create Purchase Order Item,2016-07-24
1116790,Receive Goods,2016-08-02
1116790,Scan Invoice,2016-08-10
1116790,Send Purchase Order,2016-07-26
1116791,Book Invoice,2016-08-26
1116791,Create Purchase Order Item,2016-07-28
1116791,Receive Goods,2016-08-08
1116791,Scan Invoice,2016-08-12
1116791,Send Purchase Order,2016-07-29
1116792,Book Invoice,2016-08-26
1116792,Create Purchase Order Item,2016-07-30
1116792,Receive Goods,2016-08-10
1116792,Scan Invoice,2016-08-17
1116792,Send Purchase Order,2016-08-01
1116793,Book Invoice,2016-04-26
1116793,Change Price,2016-03-23
1116793,Create Purchase Order Item,2016-03-15
1116793,Receive Goods,2016-04-04
1116793,Scan Invoice,2016-04-07
1116793,Send Purchase Order,2016-03-17
1116794,Book Invoice,2016-09-13
1116794,Create Purchase Order Item,2016-08-13
1116794,Receive Goods,2016-08-23
1116794,Scan Invoice,2016-08-28
1116794,Send Purchase Order,2016-08-15
1116795,Book Invoice,2016-04-19
1116795,Change Price,2016-03-22
1116795,Create Purchase Order Item,2016-03-15
1116795,Receive Goods,2016-04-02
1116795,Scan Invoice,2016-04-09
1116795,Send Purchase Order,2016-03-18
1116796,Book Invoice,2016-04-23
1116796,Change Price,2016-03-25
1116796,Create Purchase Order Item,2016-03-15
1116796,Receive Goods,2016-04-03
1116796,Scan Invoice,2016-04-08
1116796,Send Purchase Order,2016-03-17
1116797,Book Invoice,2016-11-09
1116797,Create Purchase Order Item,2016-10-15
1116797,Receive Goods,2016-10-24
1116797,Scan Invoice,2016-10-12
1116797,Send Purchase Order,2016-10-18
1116798,Book Invoice,2016-10-16
1116798,Change Price,2016-09-20
1116798,Create Purchase Order Item,2016-09-11
1116798,Receive Goods,2016-10-01
1116798,Scan Invoice,2016-10-04
1116798,Send Purchase Order,2016-09-14
1116799,Book Invoice,2016-10-19
1116799,Change Price,2016-09-21
1116799,Create Purchase Order Item,2016-09-11
1116799,Receive Goods,2016-09-28
1116799,Scan Invoice,2016-10-04
1116799,Send Purchase Order,2016-09-13
1116800,Book Invoice,2016-10-29
1116800,Change Price,2016-09-29
1116800,Create Purchase Order Item,2016-09-21
1116800,Receive Goods,2016-10-12
1116800,Scan Invoice,2016-10-13
1116800,Send Purchase Order,2016-09-22
1116801,Book Invoice,2016-10-28
1116801,Change Price,2016-09-30
1116801,Create Purchase Order Item,2016-09-21
1116801,Receive Goods,2016-10-11
1116801,Scan Invoice,2016-10-17
1116801,Send Purchase Order,2016-09-23
1116802,Book Invoice,2016-04-22
1116802,Change Price,2016-03-24
1116802,Create Purchase Order Item,2016-03-15
1116802,Receive Goods,2016-04-02
1116802,Scan Invoice,2016-04-09
1116802,Send Purchase Order,2016-03-18
1116803,Book Invoice,2016-10-21
1116803,Create Purchase Order Item,2016-09-23
1116803,Receive Goods,2016-10-02
1116803,Scan Invoice,2016-10-10
1116803,Send Purchase Order,2016-09-25
1116804,Book Invoice,2016-04-18
1116804,Change Price,2016-03-24
1116804,Create Purchase Order Item,2016-03-15
1116804,Receive Goods,2016-04-02
1116804,Scan Invoice,2016-04-06
1116804,Send Purchase Order,2016-03-16
1116805,Book Invoice,2016-04-19
1116805,Change Price,2016-03-23
1116805,Create Purchase Order Item,2016-03-15
1116805,Receive Goods,2016-04-02
1116805,Scan Invoice,2016-04-08
1116805,Send Purchase Order,2016-03-17
1116806,Book Invoice,2016-10-26
1116806,Create Purchase Order Item,2016-09-24
1116806,Receive Goods,2016-10-03
1116806,Scan Invoice,2016-10-09
1116806,Send Purchase Order,2016-09-26
